{"kaggle_score":0.9163,"_step":0,"_wandb":{"runtime":0},"_runtime":0,"val/mAP":0.924632,"val/mAP50":0.979181,"_timestamp":1.7803594244004369e+09,"val/mAP50_ema":0.979181,"val/mAP_ema":0.924762}