{"_timestamp":1.780359438514573e+09,"_wandb":{"runtime":0},"_runtime":0,"_step":0,"val/mAP":0.972152,"val/mAP50":1,"val/mAP_ema":0.967968,"val/mAP50_ema":1}