{"val/mAP50":0.467583,"kaggle_score":0.53967,"_wandb":{"runtime":0},"_runtime":0,"_timestamp":1.780359412494717e+09,"_step":0,"val/mAP":0.416841}