{"val/mAP50_ema":0.615149,"val/mAP_ema":0.545381,"_wandb":{"runtime":0},"_runtime":0,"kaggle_score":0.72191,"val/mAP":0.509169,"val/mAP50":0.581095}