{"val/mAP50_ema":0.990983,"_timestamp":1.780359433327111e+09,"_step":0,"_wandb":{"runtime":0},"_runtime":0,"val/mAP":0.96132,"val/mAP50":0.990983,"val/mAP_ema":0.956287}