{"val/mAP":0.958421,"val/mAP50":0.990983,"val/mAP_ema":0.95534,"val/mAP50_ema":0.990983,"_timestamp":1.7803594305054631e+09,"_wandb":{"runtime":0},"_runtime":0,"_step":0}