{"val/mAP_ema":0.924762,"_wandb":{"runtime":0},"_runtime":0,"kaggle_score":0.9163,"val/mAP":0.924632,"val/mAP50":0.979181,"val/mAP50_ema":0.979181}