{
  "bbox_x6567_fix": {
    "image_file_name": "K-003351-016262-018357_0_2_0_2_75_000_200.png",
    "original_bbox": [
      6567,
      625,
      311,
      315
    ],
    "corrected_bbox": [
      570.3,
      623.08,
      311.15,
      318.13
    ],
    "score": 0.8533,
    "category_id": 18357,
    "note": "bbox_x=6567 오기입 → 모델 예측 bbox로 교체"
  },
  "duplicate_bbox_fixes": [
    {
      "image_file_name": "K-001900-016548-019607-033009_0_2_0_2_70_000_200.png",
      "duplicate_bbox_xywh": [
        88,
        255,
        366,
        209
      ],
      "duplicate_annotation_ids": [
        4683,
        4691
      ],
      "model_predictions": [
        {
          "category_id": 33009,
          "bbox_xyxy": [
            88.20948028564453,
            259.32763671875,
            452.77056884765625,
            463.714599609375
          ],
          "bbox_xywh": [
            88.20948028564453,
            259.32763671875,
            364.56109619140625,
            204.386962890625
          ],
          "score": 0.979211151599884
        },
        {
          "category_id": 16548,
          "bbox_xyxy": [
            93.30136108398438,
            860.3775634765625,
            336.5439758300781,
            1100.4326171875
          ],
          "bbox_xywh": [
            93.30136108398438,
            860.3775634765625,
            243.24261474609375,
            240.0550537109375
          ],
          "score": 0.9732137322425842
        }
      ]
    },
    {
      "image_file_name": "K-003351-020238-031863_0_2_0_2_70_000_200.png",
      "duplicate_bbox_xywh": [
        446,
        844,
        190,
        191
      ],
      "duplicate_annotation_ids": [
        3444,
        3441
      ],
      "model_predictions": [
        {
          "category_id": 20238,
          "bbox_xyxy": [
            582.083740234375,
            289.988037109375,
            808.0631713867188,
            510.3927001953125
          ],
          "bbox_xywh": [
            582.083740234375,
            289.988037109375,
            225.97943115234375,
            220.4046630859375
          ],
          "score": 0.9795871376991272
        },
        {
          "category_id": 3351,
          "bbox_xyxy": [
            445.2434997558594,
            844.2008056640625,
            633.6826171875,
            1035.373779296875
          ],
          "bbox_xywh": [
            445.2434997558594,
            844.2008056640625,
            188.43911743164062,
            191.1729736328125
          ],
          "score": 0.9757307767868042
        }
      ]
    },
    {
      "image_file_name": "K-003351-029667-031863_0_2_0_2_70_000_200.png",
      "duplicate_bbox_xywh": [
        178,
        249,
        205,
        203
      ],
      "duplicate_annotation_ids": [
        791,
        788
      ],
      "model_predictions": [
        {
          "category_id": 3351,
          "bbox_xyxy": [
            370.9783020019531,
            855.03369140625,
            559.4868774414062,
            1046.249267578125
          ],
          "bbox_xywh": [
            370.9783020019531,
            855.03369140625,
            188.50857543945312,
            191.215576171875
          ],
          "score": 0.9566785097122192
        }
      ]
    }
  ],
  "missing_annotation_additions": [
    {
      "image_file_name": "K-003351-013900-021325_0_2_0_2_70_000_200.png",
      "expected_category_ids": [
        3351,
        13900,
        21325
      ],
      "missing_category_ids": [
        3351
      ],
      "model_predictions": [
        {
          "category_id": 3351,
          "bbox_xywh": [
            385.9567565917969,
            835.898193359375,
            186.87539672851562,
            190.49658203125
          ],
          "score": 0.9596644043922424
        }
      ]
    },
    {
      "image_file_name": "K-003351-013900-036637_0_2_0_2_70_000_200.png",
      "expected_category_ids": [
        3351,
        13900,
        36637
      ],
      "missing_category_ids": [
        3351
      ],
      "model_predictions": [
        {
          "category_id": 3351,
          "bbox_xywh": [
            429.6893005371094,
            865.574951171875,
            186.90383911132812,
            191.3353271484375
          ],
          "score": 0.9828312397003174
        }
      ]
    },
    {
      "image_file_name": "K-003351-020014-022074_0_2_0_2_90_000_200.png",
      "expected_category_ids": [
        3351,
        20014,
        22074
      ],
      "missing_category_ids": [
        20014
      ],
      "model_predictions": [
        {
          "category_id": 20014,
          "bbox_xywh": [
            44.6126708984375,
            714.119873046875,
            349.57659912109375,
            332.747802734375
          ],
          "score": 0.9850843548774719
        }
      ]
    },
    {
      "image_file_name": "K-003351-021325-032310_0_2_0_2_90_000_200.png",
      "expected_category_ids": [
        3351,
        21325,
        32310
      ],
      "missing_category_ids": [
        32310
      ],
      "model_predictions": [
        {
          "category_id": 32310,
          "bbox_xywh": [
            574.4361572265625,
            820.937744140625,
            376.9130859375,
            244.3260498046875
          ],
          "score": 0.9867934584617615
        }
      ]
    },
    {
      "image_file_name": "K-003351-032310-038162_0_2_0_2_70_000_200.png",
      "expected_category_ids": [
        3351,
        32310,
        38162
      ],
      "missing_category_ids": [
        3351
      ],
      "model_predictions": [
        {
          "category_id": 3351,
          "bbox_xywh": [
            380.0986022949219,
            856.691162109375,
            188.66085815429688,
            190.0194091796875
          ],
          "score": 0.9563016295433044
        }
      ]
    },
    {
      "image_file_name": "K-003351-033880-038162_0_2_0_2_75_000_200.png",
      "expected_category_ids": [
        3351,
        33880,
        38162
      ],
      "missing_category_ids": [
        33880
      ],
      "model_predictions": [
        {
          "category_id": 33880,
          "bbox_xywh": [
            62.6146354675293,
            586.8555908203125,
            307.692626953125,
            444.4307861328125
          ],
          "score": 0.9849313497543335
        }
      ]
    },
    {
      "image_file_name": "K-003351-035206-041768_0_2_0_2_70_000_200.png",
      "expected_category_ids": [
        3351,
        35206,
        41768
      ],
      "missing_category_ids": [
        3351
      ],
      "model_predictions": [
        {
          "category_id": 3351,
          "bbox_xywh": [
            453.205078125,
            871.3677978515625,
            187.561767578125,
            193.2464599609375
          ],
          "score": 0.9312579035758972
        }
      ]
    },
    {
      "image_file_name": "K-003544-004543-012247-016548_0_2_0_2_90_000_200.png",
      "expected_category_ids": [
        3544,
        4543,
        12247,
        16548
      ],
      "missing_category_ids": [
        4543
      ],
      "model_predictions": [
        {
          "category_id": 4543,
          "bbox_xywh": [
            634.2782592773438,
            194.7412109375,
            209.251708984375,
            203.1917724609375
          ],
          "score": 0.9896377325057983
        }
      ]
    }
  ]
}
