{"_runtime":0,"_step":0,"kaggle_score":0.95646,"_timestamp":1.780359441166281e+09,"_wandb":{"runtime":0}}