{"val/mAP50_ema":0.990983,"val/mAP_ema":0.95534,"_wandb":{"runtime":0},"_runtime":0,"val/mAP":0.958421,"val/mAP50":0.990983}