{"val/mAP50_ema":0.615149,"kaggle_score":0.72191,"val/mAP50":0.581095,"val/mAP":0.509169,"_wandb":{"runtime":0},"_runtime":0,"val/mAP_ema":0.545381,"_timestamp":1.78035942158243e+09,"_step":0}